{
  "version": 1,
  "author": "Anonymous maker",
  "editor": "wokwi",
  "parts": [
    { "type": "wokwi-arduino-uno", "id": "uno", "top": 125.4, "left": -144.6, "attrs": {} },
    { "type": "wokwi-dht22", "id": "dht1", "top": -143.7, "left": -168.6, "attrs": {} },
    {
      "type": "wokwi-lcd1602",
      "id": "lcd1",
      "top": -3.2,
      "left": 149.6,
      "attrs": { "pins": "i2c" }
    }
  ],
  "connections": [
    [ "uno:GND.3", "lcd1:GND", "blac", [ "v0" ] ],
    [ "uno:5V", "lcd1:VCC", "red", [ "v0" ] ],
    [ "uno:A5", "lcd1:SCL", "green", [ "v0" ] ],
    [ "uno:A4", "lcd1:SDA", "green", [ "v0" ] ],
    [ "uno:3.3V", "dht1:VCC", "green", [ "v0" ] ],
    [ "uno:GND.2", "dht1:GND", "black", [ "v0" ] ],
    [ "dht1:GND", "lcd1:GND", "black", [ "v0" ] ],
    [ "uno:2", "dht1:SDA", "green", [ "v0" ] ]
  ],
  "dependencies": {}
}